gene,logFC,pval,adj_p,neg_log10_adj_p
ABHD5,0.7444734333333347,0.0007685389131627665,0.7223490723059768,0.14125288062942037
ACTBL2,1.668936866666666,0.0072845570094796615,0.7223490723059768,0.14125288062942037
ADAM22,-1.2499225666666653,0.009108496398030963,0.7553569094779913,0.12184779381310676
ADAM9,1.054583150000001,0.0072845570094796615,0.7223490723059768,0.14125288062942037
ALCAM,2.347625700000002,0.0028272720911168077,0.7223490723059768,0.14125288062942037
ALDH1A3,1.8057026499999997,0.0028272720911168077,0.7223490723059768,0.14125288062942037
ALG14,0.6293789166666652,0.0072845570094796615,0.7223490723059768,0.14125288062942037
ANXA3,2.358886983333333,0.0072845570094796615,0.7223490723059768,0.14125288062942037
AP1S3,1.4504701500000001,0.0072845570094796615,0.7223490723059768,0.14125288062942037
APOL1,1.8924392999999995,0.0036105143123296027,0.7223490723059768,0.14125288062942037
APOL6,1.7918139166666665,0.004586392080253494,0.7223490723059768,0.14125288062942037
ARAP2,1.7601251666666666,0.004586392080253494,0.7223490723059768,0.14125288062942037
ARHGAP28,-3.1313255333333347,0.00024612812790522973,0.7223490723059768,0.14125288062942037
ARHGDIB,3.138795250000001,0.009108496398030963,0.7553569094779913,0.12184779381310676
ARID2,-2.3017296333333315,0.004586392080253494,0.7223490723059768,0.14125288062942037
ARNTL2,1.749034783333335,0.0022022199424970783,0.7223490723059768,0.14125288062942037
ARSE,-1.9581300000000006,0.00579535854433471,0.7223490723059768,0.14125288062942037
ASAP2,0.9913077500000007,0.009108496398030963,0.7553569094779913,0.12184779381310676
ASPH,1.0616278999999995,0.0022022199424970783,0.7223490723059768,0.14125288062942037
B2M,1.377027533333333,0.009108496398030963,0.7553569094779913,0.12184779381310676
B3GALT1,-2.0294748833333327,0.0028272720911168077,0.7223490723059768,0.14125288062942037
B3GNT5,1.6993081666666656,0.004586392080253494,0.7223490723059768,0.14125288062942037
BANK1,1.1695990000000003,0.004586392080253494,0.7223490723059768,0.14125288062942037
BHLHE40,1.1885083666666656,0.0028272720911168077,0.7223490723059768,0.14125288062942037
BRWD3,-0.8991864666666665,0.0036105143123296027,0.7223490723059768,0.14125288062942037
C10orf55,0.6282069333333329,0.0028272720911168077,0.7223490723059768,0.14125288062942037
C4orf33,1.126398766666667,0.0010079762403767444,0.7223490723059768,0.14125288062942037
C6orf120,-0.6648342666666665,0.0017062493689195967,0.7223490723059768,0.14125288062942037
C8orf48,0.948823683333333,0.0022022199424970783,0.7223490723059768,0.14125288062942037
CACHD1,-1.7741668166666669,0.0028272720911168077,0.7223490723059768,0.14125288062942037
CAMK2N1,2.271664949999998,0.0022022199424970783,0.7223490723059768,0.14125288062942037
CAPN2,0.9932462166666678,0.0072845570094796615,0.7223490723059768,0.14125288062942037
CARD6,1.7627890666666657,0.009108496398030963,0.7553569094779913,0.12184779381310676
CCDC68,1.515737116666667,0.009108496398030963,0.7553569094779913,0.12184779381310676
CCDC88A,-0.8322589166666621,0.0036105143123296027,0.7223490723059768,0.14125288062942037
CCDC93,0.6921798499999987,0.009108496398030963,0.7553569094779913,0.12184779381310676
CD274,2.4009263666666665,0.0036105143123296027,0.7223490723059768,0.14125288062942037
CD58,0.9075638166666664,0.0036105143123296027,0.7223490723059768,0.14125288062942037
CD59,1.307400716666665,0.004586392080253494,0.7223490723059768,0.14125288062942037
CDCP1,2.835615683333331,0.0022022199424970783,0.7223490723059768,0.14125288062942037
CECR1,-0.6828121333333339,0.0072845570094796615,0.7223490723059768,0.14125288062942037
CECR2,-1.8562105500000001,0.004586392080253494,0.7223490723059768,0.14125288062942037
CHN2,-1.3128816666666667,0.0036105143123296027,0.7223490723059768,0.14125288062942037
CLIP4,1.8453649666666658,0.009108496398030963,0.7553569094779913,0.12184779381310676
CNGA1,1.0951529666666673,0.0028272720911168077,0.7223490723059768,0.14125288062942037
CPVL,-2.326292566666666,0.009108496398030963,0.7553569094779913,0.12184779381310676
CTNNAL1,1.002702433333333,0.0007685389131627665,0.7223490723059768,0.14125288062942037
DCBLD2,1.4533217833333332,0.004586392080253494,0.7223490723059768,0.14125288062942037
DCLK1,2.547131366666668,0.00579535854433471,0.7223490723059768,0.14125288062942037
DDX58,0.889999033333333,0.0072845570094796615,0.7223490723059768,0.14125288062942037
DDX60,1.7090037999999987,0.0028272720911168077,0.7223490723059768,0.14125288062942037
DDX60L,2.421324349999999,0.0007685389131627665,0.7223490723059768,0.14125288062942037
DLX5,-2.2889316666666657,0.0072845570094796615,0.7223490723059768,0.14125288062942037
DLX6,-0.7956548500000018,0.0072845570094796615,0.7223490723059768,0.14125288062942037
DOCK5,1.8557953166666676,0.00043963875262656454,0.7223490723059768,0.14125288062942037
DPYSL5,-0.8852679333333331,0.0072845570094796615,0.7223490723059768,0.14125288062942037
DTX3L,1.8851250000000013,0.0022022199424970783,0.7223490723059768,0.14125288062942037
DUSP10,2.287657883333332,0.0036105143123296027,0.7223490723059768,0.14125288062942037
DYNLT3,1.1499593333333307,0.0022022199424970783,0.7223490723059768,0.14125288062942037
DZIP3,-1.082371349999999,0.0010079762403767444,0.7223490723059768,0.14125288062942037
E2F5,-0.9656267500000029,0.009108496398030963,0.7553569094779913,0.12184779381310676
EDIL3,4.40746765,0.0072845570094796615,0.7223490723059768,0.14125288062942037
EFCAB14,0.6589355666666687,0.0072845570094796615,0.7223490723059768,0.14125288062942037
EFEMP1,3.3861375000000002,0.0072845570094796615,0.7223490723059768,0.14125288062942037
EFR3B,-1.0733961333333344,0.009108496398030963,0.7553569094779913,0.12184779381310676
EML1,-1.4891962999999997,0.0072845570094796615,0.7223490723059768,0.14125288062942037
ENTPD1,-1.0038823333333324,0.0072845570094796615,0.7223490723059768,0.14125288062942037
EPHA7,-3.10299965,0.009108496398030963,0.7553569094779913,0.12184779381310676
EPS8,1.994904383333334,0.0028272720911168077,0.7223490723059768,0.14125288062942037
EVA1A,1.2760414499999992,0.009108496398030963,0.7553569094779913,0.12184779381310676
F3,2.5828453500000004,0.004586392080253494,0.7223490723059768,0.14125288062942037
FAM110B,1.1274818166666662,0.00579535854433471,0.7223490723059768,0.14125288062942037
FAM111A,2.0494888000000024,0.0072845570094796615,0.7223490723059768,0.14125288062942037
FAM114A1,1.017154416666667,0.0028272720911168077,0.7223490723059768,0.14125288062942037
FAM27E2,-0.8014649388888904,0.009108496398030963,0.7553569094779913,0.12184779381310676
FBXO32,1.8756000999999998,0.00579535854433471,0.7223490723059768,0.14125288062942037
FBXW10,0.8820017999999998,0.00579535854433471,0.7223490723059768,0.14125288062942037
FERMT1,2.4908557833333322,0.0072845570094796615,0.7223490723059768,0.14125288062942037
FGFBP1,3.005502316666666,0.0022022199424970783,0.7223490723059768,0.14125288062942037
FIGNL2,-1.303169566666667,0.009108496398030963,0.7553569094779913,0.12184779381310676
FREM2,-3.005780866666666,0.0028272720911168077,0.7223490723059768,0.14125288062942037
GALNT5,2.868032716666666,0.0036105143123296027,0.7223490723059768,0.14125288062942037
GBP1,3.005245800000001,0.00043963875262656454,0.7223490723059768,0.14125288062942037
GBP3,1.7567018833333332,0.0005828399431792743,0.7223490723059768,0.14125288062942037
GDPD1,-0.8397063333333339,0.0072845570094796615,0.7223490723059768,0.14125288062942037
GFRA1,2.3144729999999987,0.0072845570094796615,0.7223490723059768,0.14125288062942037
GLIPR1,3.0246570166666675,0.0072845570094796615,0.7223490723059768,0.14125288062942037
GPR39,3.0020911166666657,0.00032983852077799353,0.7223490723059768,0.14125288062942037
GPR87,3.023660866666667,0.0022022199424970783,0.7223490723059768,0.14125288062942037
GSAP,1.9655343333333342,0.0028272720911168077,0.7223490723059768,0.14125288062942037
GSTA4,-1.6763155000000003,0.00579535854433471,0.7223490723059768,0.14125288062942037
GSTM2,-1.1669053500000004,0.00579535854433471,0.7223490723059768,0.14125288062942037
HCFC2,0.8861814333333324,0.0072845570094796615,0.7223490723059768,0.14125288062942037
HERC6,1.3620522500000005,0.0010079762403767444,0.7223490723059768,0.14125288062942037
HEY2,-1.869647933333333,0.009108496398030963,0.7553569094779913,0.12184779381310676
HIVEP2,1.3738381833333335,0.009108496398030963,0.7553569094779913,0.12184779381310676
HLA-DMB,-1.8920487833333341,0.00032983852077799353,0.7223490723059768,0.14125288062942037
HOMER1,-1.0394458833333324,0.0036105143123296027,0.7223490723059768,0.14125288062942037
HRH1,1.3339640666666668,0.00579535854433471,0.7223490723059768,0.14125288062942037
IFI44,3.18658085,0.0005828399431792743,0.7223490723059768,0.14125288062942037
IFIT2,1.9448285333333333,0.009108496398030963,0.7553569094779913,0.12184779381310676
IFIT3,1.881777800000001,0.0036105143123296027,0.7223490723059768,0.14125288062942037
IGKV1D-33,1.1420327166666668,0.009108496398030963,0.7553569094779913,0.12184779381310676
IL15,0.8769351999999992,0.00579535854433471,0.7223490723059768,0.14125288062942037
IL15RA,0.7925096333333332,0.009108496398030963,0.7553569094779913,0.12184779381310676
IL18R1,1.0350927666666667,0.00579535854433471,0.7223490723059768,0.14125288062942037
IL6ST,0.9039202833333349,0.0072845570094796615,0.7223490723059768,0.14125288062942037
INPP4B,2.1246066333333307,0.0017062493689195967,0.7223490723059768,0.14125288062942037
IPCEF1,-0.8952217999999998,0.0036105143123296027,0.7223490723059768,0.14125288062942037
IRF2,0.7979102166666667,0.0010079762403767444,0.7223490723059768,0.14125288062942037
ITGB6,3.2700415666666665,0.0028272720911168077,0.7223490723059768,0.14125288062942037
ITPR1,-1.1438434333333332,0.00579535854433471,0.7223490723059768,0.14125288062942037
KAT2B,1.3720939999999997,0.0022022199424970783,0.7223490723059768,0.14125288062942037
KCNG3,-0.8828899833333335,0.00579535854433471,0.7223490723059768,0.14125288062942037
KDM7A,-1.2275616499999984,0.0013149446697132139,0.7223490723059768,0.14125288062942037
KLHL2,0.7652022333333317,0.0013149446697132139,0.7223490723059768,0.14125288062942037
KRT7,3.7237571166666665,0.00579535854433471,0.7223490723059768,0.14125288062942037
LACTB,0.6038393500000003,0.00579535854433471,0.7223490723059768,0.14125288062942037
LAMA1,-1.5906765833333347,0.00579535854433471,0.7223490723059768,0.14125288062942037
LAMA3,1.636988866666667,0.00579535854433471,0.7223490723059768,0.14125288062942037
LCN2,2.0750553999999974,0.0072845570094796615,0.7223490723059768,0.14125288062942037
LEPR,0.980902116666666,0.0022022199424970783,0.7223490723059768,0.14125288062942037
LIF,1.2434678833333344,0.009108496398030963,0.7553569094779913,0.12184779381310676
LTBP1,-1.6342937666666666,0.004586392080253494,0.7223490723059768,0.14125288062942037
LYPD1,2.698228883333333,0.0036105143123296027,0.7223490723059768,0.14125288062942037
MAP1A,-0.8396803666666663,0.0013149446697132139,0.7223490723059768,0.14125288062942037
MAP3K15,-0.7836557333333332,0.009108496398030963,0.7553569094779913,0.12184779381310676
MARCH1,0.9533882333333352,0.009108496398030963,0.7553569094779913,0.12184779381310676
MBOAT2,1.0884353333333365,0.0028272720911168077,0.7223490723059768,0.14125288062942037
MCOLN3,1.3241553166666655,0.004586392080253494,0.7223490723059768,0.14125288062942037
MFAP2,-1.8742806166666677,0.00579535854433471,0.7223490723059768,0.14125288062942037
MFSD6,2.3222112333333325,0.00579535854433471,0.7223490723059768,0.14125288062942037
MIR22HG,0.7235382000000001,0.004586392080253494,0.7223490723059768,0.14125288062942037
MOCOS,2.006707483333333,0.009108496398030963,0.7553569094779913,0.12184779381310676
MTOR,-0.6301114333333331,0.0072845570094796615,0.7223490723059768,0.14125288062942037
MX1,1.903005750000001,0.00579535854433471,0.7223490723059768,0.14125288062942037
MYADM,0.9366499999999984,0.0072845570094796615,0.7223490723059768,0.14125288062942037
MYO6,1.0021194000000015,0.0028272720911168077,0.7223490723059768,0.14125288062942037
MYOF,2.1722482833333316,0.0072845570094796615,0.7223490723059768,0.14125288062942037
NABP1,1.6063420333333323,0.0036105143123296027,0.7223490723059768,0.14125288062942037
NCALD,-1.252267466666665,0.0072845570094796615,0.7223490723059768,0.14125288062942037
NEGR1,2.1213471166666666,0.00579535854433471,0.7223490723059768,0.14125288062942037
NFKBIA,1.0081580833333348,0.00579535854433471,0.7223490723059768,0.14125288062942037
NIPAL2,1.501207983333333,0.004586392080253494,0.7223490723059768,0.14125288062942037
NIPSNAP3A,0.8968151166666658,0.009108496398030963,0.7553569094779913,0.12184779381310676
NMI,2.837812500000001,0.00043963875262656454,0.7223490723059768,0.14125288062942037
NPY1R,0.9462299499999998,0.0072845570094796615,0.7223490723059768,0.14125288062942037
NQO1,1.6015385666666653,0.0022022199424970783,0.7223490723059768,0.14125288062942037
OAS1,1.6951089833333342,0.0007685389131627665,0.7223490723059768,0.14125288062942037
OCIAD2,3.353787783333334,0.0013149446697132139,0.7223490723059768,0.14125288062942037
OLFML1,-2.4970149166666666,0.00579535854433471,0.7223490723059768,0.14125288062942037
OSMR,1.7935995499999997,0.0036105143123296027,0.7223490723059768,0.14125288062942037
OXTR,1.2669356000000018,0.0028272720911168077,0.7223490723059768,0.14125288062942037
PALLD,1.2937633500000008,0.009108496398030963,0.7553569094779913,0.12184779381310676
PARP14,1.3986484166666653,0.0036105143123296027,0.7223490723059768,0.14125288062942037
PARP4,0.8396021000000005,0.009108496398030963,0.7553569094779913,0.12184779381310676
PARP9,2.01973525,0.0036105143123296027,0.7223490723059768,0.14125288062942037
PCGF5,1.3303219833333317,0.0072845570094796615,0.7223490723059768,0.14125288062942037
PDE1C,2.698289833333333,0.0072845570094796615,0.7223490723059768,0.14125288062942037
PDE4B,-0.5878962499999982,0.0072845570094796615,0.7223490723059768,0.14125288062942037
PDE9A,-0.8318173999999994,0.004586392080253494,0.7223490723059768,0.14125288062942037
PDGFRL,-1.7214915166666662,0.0072845570094796615,0.7223490723059768,0.14125288062942037
PDP1,1.73490593333333,0.0028272720911168077,0.7223490723059768,0.14125288062942037
PHF11,1.1131681500000008,0.0022022199424970783,0.7223490723059768,0.14125288062942037
PHLDB2,1.8024708333333326,0.009108496398030963,0.7553569094779913,0.12184779381310676
PIFO,-0.7371660166666674,0.004586392080253494,0.7223490723059768,0.14125288062942037
PITPNC1,-1.2274740333333334,0.009108496398030963,0.7553569094779913,0.12184779381310676
PLA2R1,1.4846520666666665,0.009108496398030963,0.7553569094779913,0.12184779381310676
PLEK2,2.4642536666666643,0.009108496398030963,0.7553569094779913,0.12184779381310676
PLEKHA2,2.0830610499999995,0.0072845570094796615,0.7223490723059768,0.14125288062942037
PLSCR4,1.4052017166666664,0.009108496398030963,0.7553569094779913,0.12184779381310676
PMEPA1,2.394787533333332,0.00579535854433471,0.7223490723059768,0.14125288062942037
POMP,0.5990536166666658,0.0028272720911168077,0.7223490723059768,0.14125288062942037
PPP1R1A,-0.6799614333333341,0.00579535854433471,0.7223490723059768,0.14125288062942037
PRR16,0.8504126666666663,0.0072845570094796615,0.7223490723059768,0.14125288062942037
PRRG4,1.7403894000000006,0.004586392080253494,0.7223490723059768,0.14125288062942037
PRSS23,2.5398851833333334,0.0036105143123296027,0.7223490723059768,0.14125288062942037
PSMB8,2.6204997499999996,0.0028272720911168077,0.7223490723059768,0.14125288062942037
PSME2,0.7255228833333343,0.009108496398030963,0.7553569094779913,0.12184779381310676
PTPRE,0.9419678833333327,0.0022022199424970783,0.7223490723059768,0.14125288062942037
RBMS1P1,0.8128099833333335,0.0072845570094796615,0.7223490723059768,0.14125288062942037
RHBDL2,1.9728699833333323,0.00579535854433471,0.7223490723059768,0.14125288062942037
RHOU,-0.7891460000000015,0.0072845570094796615,0.7223490723059768,0.14125288062942037
RND3,2.148589366666669,0.0036105143123296027,0.7223490723059768,0.14125288062942037
RNF6,0.6498145666666675,0.00579535854433471,0.7223490723059768,0.14125288062942037
RSAD2,0.8142897000000007,0.0028272720911168077,0.7223490723059768,0.14125288062942037
S100A2,2.4417982999999994,0.0028272720911168077,0.7223490723059768,0.14125288062942037
SAA1,1.4807427166666667,0.00579535854433471,0.7223490723059768,0.14125288062942037
SALL1,-1.4503453666666655,0.00579535854433471,0.7223490723059768,0.14125288062942037
SAMD9,3.1425389333333333,0.0072845570094796615,0.7223490723059768,0.14125288062942037
SAMD9L,2.4918838166666664,0.0010079762403767444,0.7223490723059768,0.14125288062942037
SCEL,2.2860642500000004,0.004586392080253494,0.7223490723059768,0.14125288062942037
SEMA6D,-1.277198283333334,0.009108496398030963,0.7553569094779913,0.12184779381310676
SERPINB5,2.566715283333334,0.0072845570094796615,0.7223490723059768,0.14125288062942037
SERPING1,-1.7745066666666656,0.004586392080253494,0.7223490723059768,0.14125288062942037
SGMS2,1.2336064833333342,0.0007685389131627665,0.7223490723059768,0.14125288062942037
SH2D4A,2.010548600000001,0.0072845570094796615,0.7223490723059768,0.14125288062942037
SIRT1,-0.8059030499999995,0.00579535854433471,0.7223490723059768,0.14125288062942037
SLC16A10,-1.3623294499999998,0.0028272720911168077,0.7223490723059768,0.14125288062942037
SLC22A4,0.8621468999999999,0.0017062493689195967,0.7223490723059768,0.14125288062942037
SLC2A13,-0.8461820666666675,0.00579535854433471,0.7223490723059768,0.14125288062942037
SP100,2.515078550000001,0.0005828399431792743,0.7223490723059768,0.14125288062942037
SP110,0.9895506333333319,0.004586392080253494,0.7223490723059768,0.14125288062942037
SP140L,1.9548259999999997,0.00043963875262656454,0.7223490723059768,0.14125288062942037
SPAG1,1.1029619833333326,0.0022022199424970783,0.7223490723059768,0.14125288062942037
SPATS2L,2.241131150000001,0.0022022199424970783,0.7223490723059768,0.14125288062942037
SQRDL,2.583025016666668,0.0017062493689195967,0.7223490723059768,0.14125288062942037
SSFA2,1.1822197166666655,0.0017062493689195967,0.7223490723059768,0.14125288062942037
STAMBPL1,1.5640745833333316,0.0013149446697132139,0.7223490723059768,0.14125288062942037
STK39,1.0603793666666643,0.0017062493689195967,0.7223490723059768,0.14125288062942037
STRA6,-0.8097853833333328,0.00579535854433471,0.7223490723059768,0.14125288062942037
SUGCT,-1.2557198499999993,0.009108496398030963,0.7553569094779913,0.12184779381310676
TBC1D19,0.7899244833333343,0.0017062493689195967,0.7223490723059768,0.14125288062942037
TDRD7,1.310723283333333,0.0010079762403767444,0.7223490723059768,0.14125288062942037
TET1,-2.038539733333332,0.004586392080253494,0.7223490723059768,0.14125288062942037
TGFA,2.6131120999999986,0.00579535854433471,0.7223490723059768,0.14125288062942037
TGFB2,3.3408512666666663,0.0022022199424970783,0.7223490723059768,0.14125288062942037
TGFBI,2.9189363666666637,0.00579535854433471,0.7223490723059768,0.14125288062942037
TGS1,-0.6016999999999975,0.004586392080253494,0.7223490723059768,0.14125288062942037
THBS1,3.941395550000001,0.0028272720911168077,0.7223490723059768,0.14125288062942037
THOC7,0.7509431166666669,0.0005828399431792743,0.7223490723059768,0.14125288062942037
TIFA,0.7770267833333335,0.004586392080253494,0.7223490723059768,0.14125288062942037
TIMP2,1.3593804833333323,0.0072845570094796615,0.7223490723059768,0.14125288062942037
TM4SF1,3.5127635999999987,0.004586392080253494,0.7223490723059768,0.14125288062942037
TMBIM1,1.2166449999999998,0.0022022199424970783,0.7223490723059768,0.14125288062942037
TMEM126A,0.6157043000000009,0.0022022199424970783,0.7223490723059768,0.14125288062942037
TMEM14A,0.6830188166666655,0.0072845570094796615,0.7223490723059768,0.14125288062942037
TMEM59,0.5862654666666653,0.0036105143123296027,0.7223490723059768,0.14125288062942037
TRANK1,1.23807155,0.009108496398030963,0.7553569094779913,0.12184779381310676
TRHDE,3.049182066666666,0.0036105143123296027,0.7223490723059768,0.14125288062942037
TSPAN12,-2.195059483333333,0.0005828399431792743,0.7223490723059768,0.14125288062942037
TUBA4A,1.7135476833333332,0.0028272720911168077,0.7223490723059768,0.14125288062942037
TUBE1,-1.0284488666666656,0.004586392080253494,0.7223490723059768,0.14125288062942037
UBA7,1.4996952166666668,0.009108496398030963,0.7553569094779913,0.12184779381310676
UCA1,4.033395099999999,0.0013149446697132139,0.7223490723059768,0.14125288062942037
UFM1,0.6154934749999983,0.0072845570094796615,0.7223490723059768,0.14125288062942037
WDR19,-0.6515267499999995,0.0072845570094796615,0.7223490723059768,0.14125288062942037
WDR35,-0.9682921666666688,0.0028272720911168077,0.7223490723059768,0.14125288062942037
XAF1,1.7770102333333337,0.0072845570094796615,0.7223490723059768,0.14125288062942037
ZAK,0.8733220333333334,0.0028272720911168077,0.7223490723059768,0.14125288062942037
ZBED2,2.1972222000000006,0.0072845570094796615,0.7223490723059768,0.14125288062942037
ZBTB24,-0.6310758666666674,0.009108496398030963,0.7553569094779913,0.12184779381310676
ZC3H12C,1.4128197833333331,0.0028272720911168077,0.7223490723059768,0.14125288062942037
ZFAND2A,0.9485895833333338,0.0036105143123296027,0.7223490723059768,0.14125288062942037
ZKSCAN8,-0.6215496666666676,0.0013149446697132139,0.7223490723059768,0.14125288062942037
ZNF137P,0.7436261833333333,0.0072845570094796615,0.7223490723059768,0.14125288062942037
ZNF280A,-1.3057064333333326,0.00579535854433471,0.7223490723059768,0.14125288062942037
ZNF600,0.6318576166666681,0.00579535854433471,0.7223490723059768,0.14125288062942037
